conv_net,kan_impl,params,best_val_mae,test_mae,test_rmse,train_seconds,forward_ms_per_batch
mlp,none,96641,nan,132.59219360351562,242.74530029296875,2.296197900000152,1.8608100000164995
kan,fastkan,182729,nan,156.70101928710938,285.4741516113281,9.003718100000015,18.12345999999252
