conv_net,params,best_val_mae,test_mae,test_rmse,train_seconds,forward_ms_per_batch
mlp,136449,81.29119873046875,85.40799713134766,144.5006103515625,26.317649699980393,3.6702924997371156
kan,135777,84.63410949707031,91.51262664794922,155.0111846923828,199.95862719998695,44.44949499957147
