conv_net,params,best_val_mae,test_mae,test_rmse,train_seconds,forward_ms_per_batch
mlp,136449,78.79754638671875,72.87232971191406,102.81422424316406,29.57712299999548,3.6164050005027093
kan,135777,84.4566421508789,78.09011840820312,129.36367797851562,200.8466950999864,50.96047000042745
