conv_net,params,best_val_mae,test_mae,test_rmse,train_seconds,forward_ms_per_batch
mlp,123329,0.07020971924066544,0.07666255533695221,0.09730789810419083,52.92379259999143,33.28256374988996
kan,122657,0.05821390450000763,0.07145640254020691,0.08612989634275436,333.99514099999215,285.23451750006643
