{
  "args": {
    "conv_nets": [
      "mlp",
      "kan"
    ],
    "graphs": 512,
    "epochs": 30,
    "batch_size": 32,
    "hidden_dim": 64,
    "head_hidden_dims": [
      128,
      64
    ],
    "num_convs": 3,
    "conv_mlp_hidden_dim": null,
    "conv_kan_hidden_dim": 16,
    "dropout": 0.0,
    "lr": 0.003,
    "weight_decay": 1e-05,
    "seed": 7,
    "device": "cpu",
    "conv_kan_grid_size": 3,
    "conv_kan_spline_order": 3,
    "forward_iters": 80,
    "warmup_iters": 10,
    "output_dir": "benchmarks"
  },
  "synthetic_config": {
    "num_graphs": 512,
    "node_dim": 10,
    "edge_dim": 16,
    "min_nodes": 8,
    "max_nodes": 24,
    "cutoff": 0.65,
    "noise_std": 0.02,
    "seed": 7
  },
  "results": [
    {
      "conv_net": "mlp",
      "params": 123329,
      "best_val_mae": 0.07020971924066544,
      "test_mae": 0.07666255533695221,
      "test_rmse": 0.09730789810419083,
      "train_seconds": 52.92379259999143,
      "forward_ms_per_batch": 33.28256374988996
    },
    {
      "conv_net": "kan",
      "params": 122657,
      "best_val_mae": 0.05821390450000763,
      "test_mae": 0.07145640254020691,
      "test_rmse": 0.08612989634275436,
      "train_seconds": 333.99514099999215,
      "forward_ms_per_batch": 285.23451750006643
    }
  ]
}