conv_net,params,best_val_mae,test_mae,test_rmse,train_seconds,forward_ms_per_batch
mlp,28033,190.16551208496094,192.32833862304688,409.5570068359375,2.169466699997429,1.7106150000472553
kan,27809,200.46092224121094,213.72723388671875,403.8466491699219,7.925576800014824,16.51771499964525
